HSK1	HSK2	HSK3	HSK4	HSK5	HSK6
我	我	阿姨	阿姨	阿姨	哎哟
我们	我们	啊	啊	啊	挨
你	你	矮	矮	唉	癌症
你们	你们	爱	爱	矮	爱不释手
他	他	爱好	爱好	爱	爱戴
她	她	安静	爱情	爱好	暧昧
他们	他们	八	安静	爱护	安居乐业
她们	她们	把	安排	爱情	安宁
这	这	爸爸	安全	爱惜	安详
那	那	吧	暗	爱心	安置
哪	哪	白	按时	安静	暗示
谁	谁	百	按照	安排	案件
什么	什么	班	八	安全	案例
多少	多少	搬	把	安慰	按摩
几	几	半	爸爸	安装	昂贵
怎么	怎么	办法	吧	岸	凹凸
怎么样	怎么样	办公室	白	暗	熬
一	您	帮忙	百	按时	奥秘
二	它	帮助	班	按照	扒
三	大家	包	搬	八	疤
四	每	饱	半	把	巴不得
五	为什么	报纸	办法	把握	巴结
六	一	杯子	办公室	爸爸	拔苗助长
七	二	北方	帮忙	吧	把关
八	三	北京	帮助	白	把手
九	四	被	包	百	把戏
十	五	本	包括	摆	霸道
零	六	鼻子	饱	搬	罢工
个	七	比	保护	班	掰
岁	八	比较	保证	班主任	百分点
本	九	比赛	抱	半	摆脱
些	十	必须	抱歉	办法	拜访
块	零	变化	报道	办公室	拜年
不	两	表示	报名	办理	拜托
没	百	表演	报纸	帮忙	败坏
很	千	别	杯子	帮助	颁布
太	第一	别人	北方	棒	颁发
都	个	宾馆	北京	傍晚	斑纹
和	岁	冰箱	倍	包	版本
在	本	不客气	被	包裹	半途而废
的	些	不	本	包含	伴侣
了	块	才	本来	包括	伴随
吗	次	菜	笨	包子	扮演
呢	公斤	菜单	鼻子	薄	绑架
喂	元	参加	比	饱	榜样
家	件	草	比较	宝贝	磅
学校	张	层	比赛	宝贵	包庇
饭店	不	茶	笔记本	保持	包袱
商店	没	差	必须	保存	包围
医院	很	长	毕业	保护	包装
火车站	太	唱歌	遍	保留	饱和
中国	都	超市	变化	保险	饱经沧桑
北京	别	衬衫	标准	保证	保管
上	非常	成绩	表达	抱	保密
下	也	城市	表格	抱歉	保姆
前面	还	吃	表示	报道	保守
后面	最	迟到	表演	报告	保卫
里	真	出	表扬	报名	保养
今天	正在	出现	别	报纸	保障
明天	已经	出租车	别人	悲观	保重
昨天	一起	厨房	宾馆	杯子	抱负
上午	再	除了	冰箱	北方	抱怨
中午	就	穿	饼干	北京	报仇
下午	和	船	并且	倍	报酬
年	因为	春	博士	背	报答
月	所以	词语	不但	背景	报到
日	但是	次	不过	被	报复
星期	在	聪明	不客气	被子	报社
点	从	从	不	本	报销
分钟	对	错	不得不	本科	爆发
现在	此	打电话	不管	本来	爆炸
时候	向	打篮球	不仅	本领	曝光
爸爸	离	打扫	部分	本质	暴力
妈妈	的	打算	擦	笨	暴露
儿子	了	大	猜	鼻子	悲哀
女儿	吗	大家	才	比	悲惨
老师	呢	带	材料	比较	卑鄙
学生	得	担心	菜	比例	北极
同学	着	蛋糕	菜单	比如	被动
朋友	过	但是	参观	比赛	被告
医生	吧	当然	参加	彼此	背叛
先生	喂	到	草	笔记本	背诵
小姐	家	地	层	毕竟	备份
衣服	学校	的	茶	毕业	备忘录
水	饭馆	得	差	避免	贝壳
菜	商店	灯	差不多	必然	奔波
米饭	医院	等	尝	必须	奔驰
水果	火车站	低	长	必需	本能
苹果	中国	弟弟	长城	必要	本钱
茶	机场	地方	长江	编辑	本人
杯子	教室	地铁	场	鞭炮	本身
钱	房间	地图	唱歌	便	本事
飞机	路	第一	超过	遍	本着
出租车	北京	点	超市	变化	笨拙
电视	上	电脑	吵	辩论	崩溃
电脑	下	电视	衬衫	标点	甭
电影	前面	电梯	成功	标志	蹦
天气	后面	电影	成绩	标准	迸发
猫	左边	电子邮件	成熟	表达	逼迫
狗	右边	东	成为	表格	鼻涕
东西	外	东西	诚实	表面	比方
人	旁边	冬	城市	表明	比喻
名字	里	懂	乘坐	表情	比重
书	今天	动物	吃	表示	臂
汉语	明天	都	吃惊	表现	弊病
字	昨天	读	迟到	表演	弊端
桌子	上午	短	重新	表扬	必定
椅子	中午	段	抽烟	别	闭塞
谢谢	下午	锻炼	出	别人	碧玉
不客气	年	对	出差	宾馆	鞭策
再见	月	对不起	出发	冰箱	编织
请	日	多	出生	丙	边疆
对不起	星期	多么	出现	饼干	边界
没关系	点	多少	出租车	病毒	边境
是	分钟	饿	厨房	并且	边缘
有	现在	而且	除了	玻璃	扁
看	时候	儿子	穿	博士	贬低
听	早上	耳朵	船	博物馆	贬义
说话	晚上	二	传真	脖子	遍布
读	小时	发烧	窗户	不必	便利
写	时间	发现	春	不但	便条
看见	去年	饭馆	词典	不断	便于
叫	号	方便	词语	不过	变故
来	生日	房间	次	不见得	变迁
回	爸爸	放	聪明	不客气	变质
去	妈妈	放心	从	不耐烦	辩护
吃	儿子	非常	从来	不要紧	辩解
喝	女儿	飞机	粗心	补充	辩证
睡觉	老师	分	错	布	辨认
打电话	学生	分钟	答案	不	辫子
做	同学	服务员	打扮	不安	标本
买	朋友	附近	打电话	不得不	标记
开	医生	复习	打篮球	不得了	标题
坐	先生	干净	打扰	不管	飙升
住	小姐	敢	打扫	不好意思	表决
学习	哥哥	感冒	打算	不仅	表态
工作	姐姐	刚才	打印	不免	表彰
下雨	弟弟	高	打折	不然	憋
爱	妹妹	高兴	打针	不如	别墅
喜欢	丈夫	告诉	大	不足	别致
想	妻子	哥哥	大概	部分	别扭
认识	孩子	个	大家	部门	濒临
会	男人	给	大使馆	步骤	冰雹
能	女人	跟	大约	擦	并存
好	服务员	根据	带	猜	并非
大	衣服	更	戴	才	并列
小	水	公共汽车	代表	财产	拨打
多	菜	公斤	代替	材料	播放
少	米饭	公司	大夫	踩	播种
冷	水果	公园	担心	采访	波浪
热	苹果	工作	蛋糕	采取	波涛汹涌
高兴	茶	狗	但是	彩虹	剥削
漂亮	杯子	故事	当	菜	博大精深
儿	钱	刮风	当地	菜单	博览会
	飞机	关	当然	参观	搏斗
	出租车	关系	当时	参加	伯母
	电视	关心	刀	参考	薄弱
	电脑	关于	导游	参与	不顾
	电影	贵	到	餐厅	不愧
	天气	国家	到处	残疾	不料
	猫	果汁	到底	惭愧	不像话
	狗	过去	道歉	操场	不屑一顾
	东西	过	得意	操心	补偿
	鱼	还	地	草	补救
	羊肉	还是	的	册	补贴
	牛奶	孩子	得	厕所	哺乳
	鸡蛋	害怕	得	测验	捕捉
	西瓜	汉语	灯	层	不得已
	咖啡	好	等 	曾经	不妨
	自行车	好吃	等 	插	不敢当
	船	号	低	差别	不禁
	雪	喝	底	叉子	不堪
	药	和	弟弟	茶	不可思议
	手机	河	地方	差	不时
	手表	黑	地球	差不多	不惜
	眼睛	黑板	地铁	拆	不相上下
	身体	很	地图	产品	不言而喻
	公共汽车	红	地址	产生	不由得
	报纸	后面	第一	尝	不择手段
	人	护照	点	长	不止
	名字	花 	电脑	长城	布告
	书	花园	电视	长江	布局
	汉语	画	电梯	长途	布置
	字	坏	电影	常识	步伐
	桌子	欢迎	电子邮件	场	部署
	椅子	还	掉	唱歌	部位
	门	环境	调查	抄	才干
	题	换	丢	超过	财富
	课	黄	冬	超市	财务
	姓	回	东	朝	财政
	问题	回答	东西	朝代	裁缝
	事情	会	懂	炒	裁判
	考试	会议	动物	吵	裁员
	票	火车站	动作	吵架	采购
	意思	或者	都	车库	采集
	颜色	机场	读	车厢	采纳
	Verb	鸡蛋	堵车	彻底	彩票
	谢谢	几乎	肚子	沉默	参谋
	不客气	机会	短	趁	参照
	再见	极	段	衬衫	残酷
	请	几	断	称	残留
	对不起	记得	锻炼	称呼	残忍
	没关系	季节	对	称赞	灿烂
	欢迎	家	对	乘	舱
	是	检查	对不起	乘坐	苍白
	有	简单	对话	承担	仓促
	看	件	对面	承认	仓库
	听	健康	顿	承受	操劳
	说话	见面	多	程度	操练
	读	讲	多么	程序	操纵
	写	教	多少	成分	操作
	看见	角	朵	成功	嘈杂
	叫	脚	饿	成果	草案
	来	叫	而	成绩	草率
	回	教室	而且	成就	策划
	去	接	儿童	成立	策略
	吃	街道	儿子	成熟	测量
	喝	结婚	耳朵	成为	侧面
	睡觉	结束	二	成语	层出不穷
	打电话	节目	发	成长	层次
	做	节日	发烧	诚恳	差距
	买	姐姐	发生	诚实	查获
	开	解决	发现	城市	岔
	坐	借	发展	吃	刹那
	住	介绍	法律	吃惊	诧异
	学习	今天	翻译	吃亏	柴油
	工作	进	烦恼	迟到	搀
	下雨	近	反对	持续	馋
	问	经常	反映	池子	缠绕
	走	经过	饭馆	尺子	产业
	进	经理	范围	翅膀	阐述
	出	九	方便	冲	颤抖
	跑步	久	方法	充电器	猖狂
	到	旧	方面	充分	昌盛
	穿	就	方向	充满	尝试
	洗	举行	房间	重复	偿还
	给	句子	访问	重新	常年
	找	觉得	放	宠物	常务
	懂	决定	放弃	抽屉	场合
	笑	咖啡	放暑假	抽象	场面
	回答	开	放心	抽烟	场所
	告诉	开始	非常	丑	敞开
	准备	看	飞机	臭	倡导
	开始	看见	分	出	倡议
	介绍	考试	分之	出版	畅通
	帮助	渴	分钟	出差	畅销
	玩	可爱	份	出发	超级
	送	可能	丰富	出口	超越
	等	可以	风景	出色	钞票
	让	刻	否则	出生	潮流
	起床	课	符合	出席	潮湿
	唱歌	客人	服务员	出现	嘲笑
	跳舞	空调	富	出租车	撤退
	旅游	口	附近	初级	撤销
	上班	哭	父亲	除	沉淀
	生病	裤子	复习	除非	沉闷
	休息	块	复印	除了	沉思
	运动	快	复杂	除夕	沉重
	游泳	快乐	负责	厨房	沉着
	踢足球	筷子	改变	处理	陈旧
	打篮球	来	干杯	穿	陈列
	完	蓝	干净	船	陈述
	爱	老	干燥	传播	称心如意
	喜欢	老师	敢	传递	称号
	想	了	感动	传染	盛
	认识	累	感觉	传说	橙
	觉得	冷	感冒	传统	乘务员
	知道	离	感情	传真	承办
	希望	离开	感谢	窗户	承包
	会	里	干	窗帘	承诺
	能	礼物	刚才	闯	城堡
	可以	历史	刚刚	创造	成本
	要	脸	高	吹	成交
	可能	练习	高级	春	成天
	Adjective	两	高兴	磁带	成效
	好	辆	告诉	词典	成心
	大	了解	哥哥	词语	成员
	小	邻居	各	辞职	惩罚
	多	零	个	此外	诚挚
	少	六	个子	次	澄清
	冷	楼	给	次要	呈现
	热	路	跟	刺激	秤
	高兴	旅游	根据	匆忙	吃苦
	漂亮	绿	更	聪明	吃力
	高	妈妈	公共汽车	从	迟缓
	红	马	公斤	从此	迟疑
	白	马上	公里	从而	持久
	黑	吗	公司	从来	池塘
	忙	买	公园	从前	赤道
	快	卖	工具	从事	赤字
	慢	满意	工资	粗心	冲动
	远	慢	工作	醋	冲击
	近	忙	共同	促进	冲突
	好吃	猫	狗	促使	充当
	累	帽子	够	催	充沛
	长	没	购物	存	充实
	新	没关系	孤单	存在	充足
	贵	每	估计	错	崇拜
	便宜	妹妹	鼓励	错误	崇高
	晴	门	鼓掌	措施	崇敬
	阴	米	顾客	答应	重叠
	错	米饭	故事	答案	重阳节
	快乐	面包	故意	达到	抽空
	儿	面条	刮风	打扮	筹备
		明白	挂	打电话	踌躇
		明天	关	打工	稠密
		名字	关键	打交道	丑恶
		拿	关系	打篮球	出路
		哪 	关心	打喷嚏	出卖
		那 	关于	打扰	出身
		奶奶	观众	打扫	出神
		南	管理	打算	出息
		男人	光	打听	出洋相
		难	广播	打印	初步
		难过	广告	打招呼	储备
		呢	逛	打折	储存
		能	规定	打针	储蓄
		你	贵	大	处分
		年	国际	大方	处境
		年级	国家	大概	处置
		年轻	果然	大家	触犯
		鸟	果汁	大使馆	穿越
		您	过	大象	川流不息
		牛奶	过 	大型	船舶
		努力	过程	大约	传达
		女儿	过去	呆	传单
		女人	还	带	传授
		爬山	还是	戴	喘气
		盘子	孩子	代表	串
		旁边	海洋	代替	床单
		胖	害怕	大夫	创立
		跑步	害羞	贷款	创新
		朋友	寒假	待遇	创业
		啤酒	汗	单纯	创作
		便宜	汉语	单调	吹牛
		票	航班	单独	吹捧
		漂亮	好	单位	锤
		苹果	好吃	单元	垂直
		葡萄	好处	担任	纯粹
		普通话	好像	担心	纯洁
		七	号	耽误	词汇
		妻子	号码	胆小鬼	慈祥
		其实	喝	淡	雌雄
		其他	和	蛋糕	刺
		骑	河	但是	次品
		奇怪	合格	当	次序
		起床	合适	当代	伺候
		千	盒子	当地	丛
		铅笔	黑	当然	从容不迫
		钱	黑板	当时	凑合
		前面	很	挡	粗鲁
		清楚	红	刀	窜
		晴	猴子	岛	摧残
		请	厚	倒霉	脆弱
		秋	后悔	导演	搓
		去	后来	导游	磋商
		去年	后面	导致	挫折
		裙子	忽然	倒	搭
		然后	护士	到	搭档
		让	护照	到处	搭配
		热	互相	到达	答辩
		热情	花 	到底	答复
		人	花园	道德	达成
		认识	画	道理	打包
		认为	怀疑	道歉	打官司
		认真	坏	地	打击
		日	欢迎	的	打架
		容易	还	得	打量
		如果	环境	得意	打猎
		三	换	得	打仗
		伞	黄	灯	大不了
		商店	回	登机牌	大臣
		上	回答	登记	大伙儿
		上班	回忆	等	大厦
		上网	会	等	大肆
		上午	会议	等待	大体
		少	活动	等候	大意
		谁	活泼	等于	大致
		身体	火	低	歹徒
		什么	火车站	滴	带领
		生病	获得	的确	代价
		生气	或者	敌人	代理
		生日	机场	底	逮捕
		声音	机会	递	怠慢
		十	基础	地道	担保
		时候	鸡蛋	地方	胆怯
		时间	激动	地理	淡季
		使	几乎	地球	淡水
		是	积极	地区	蛋白质
		世界	积累	地毯	诞辰
		事情	极	地铁	诞生
		手表	极其	地图	当场
		手机	集合	地位	当初
		瘦	及时	地震	当面
		书	即使	地址	当前
		舒服	几	弟弟	当事人
		叔叔	寄	第一	当务之急
		树	记得	点	当心
		数学	记者	点头	当选
		刷牙	计划	点心	党
		双	季节	电池	档案
		水	既然	电脑	档次
		水果	技术	电视	岛屿
		水平	继续	电台	倒闭
		睡觉	家	电梯	导弹
		说话	家具	电影	导航
		司机	加班	电子邮件	导向
		四	加油站	钓	捣乱
		送	假	掉	稻谷
		虽然	价格	调查	盗窃
		岁	坚持	丁	得不偿失
		所以	检查	顶	得力
		他	简单	丢	得天独厚
		她	减肥	冬	得罪
		它	减少	东	蹬
		太	件	东西	灯笼
		太阳	健康	懂	登陆
		糖	见面	冻	登录
		特别	将来	洞	等级
		疼	讲	动画片	瞪
		踢足球	奖金	动物	堤坝
		题	降低	动作	敌视
		提高	教	都	抵达
		体育	交	逗	抵抗
		天气	交流	豆腐	抵制
		甜	交通	读	递增
		条	骄傲	独立	地步
		跳舞	角	独特	地势
		听	脚	堵车	地质
		同事	饺子	度过	颠簸
		同学	叫	肚子	颠倒
		同意	教室	短	点缀
		头发	教授	短信	典礼
		突然	教育	段	典型
		图书馆	接	断	垫
		腿	接受	锻炼	电源
		外	街道	堆	奠定
		完	结果	对	惦记
		完成	结婚	对	叼
		玩	结束	对比	雕刻
		碗	节目	对不起	雕塑
		晚上	节日	对待	吊
		万	节约	对方	调动
		忘记	姐姐	对话	跌
		喂	解决	对面	盯
		为	解释	对手	叮嘱
		为了	借	对象	定期
		为什么	介绍	对于	定义
		位	今天	吨	丢人
		文化	尽管	蹲	丢三落四
		问	紧张	顿	东道主
		问题	近	多	东张西望
		我	进	多亏	董事长
		我们	进行	多么	栋
		五	禁止	多少	冻结
		西	精彩	多余	洞穴
		西瓜	精神	朵	动荡
		希望	经常	躲藏	动机
		习惯	经过	饿	动静
		洗	经济	恶劣	动力
		洗手间	经理	而	动脉
		洗澡	经历	而且	动身
		喜欢	经验	儿童	动手
		下	京剧	儿子	动态
		下午	警察	耳朵	动员
		下雨	竟然	二	兜
		夏	竞争	发	陡峭
		先	镜子	发表	斗争
		先生	究竟	发愁	督促
		现在	九	发达	都市
		香蕉	久	发抖	独裁
		相同	旧	发挥	毒品
		相信	就	发明	赌博
		想	举办	发票	堵塞
		向	举行	发烧	杜绝
		像	拒绝	发生	端
		小	距离	发现	端午节
		小姐	句子	发言	端正
		小时	觉得	发展	短促
		小心	决定	罚款	断定
		笑	咖啡	法律	断断续续
		校长	开	法院	断绝
		些	开始	翻	堆积
		鞋	开玩笑	翻译	对策
		写	看	烦恼	对称
		谢谢	看法	繁荣	对付
		新	看见	凡是	对抗
		新闻	考虑	反对	对立
		新鲜	考试	反而	对联
		信	棵	反复	对应
		星期	科学	反应	对照
		行李箱	咳嗽	反映	兑换
		姓	渴	反正	兑现
		兴趣	可爱	饭馆	队伍
		熊猫	可怜	范围	顿时
		休息	可能	方	多元化
		需要	可是	方案	哆嗦
		选择	可惜	方便	堕落
		学生	可以	方法	额外
		学习	刻	方面	恶心
		学校	课	方式	恶化
		雪	客人	方向	遏制
		颜色	肯定	妨碍	恩怨
		眼镜	空气	房东	而已
		眼睛	空调	房间	耳环
		羊肉	恐怕	仿佛	二氧化碳
		要求	口	访问	发布
		药	哭	放	发财
		要	苦	放弃	发呆
		爷爷	裤子	放暑假	发动
		也	块	放松	发火
		一	快	放心	发觉
		衣服	快乐	非	发射
		医生	筷子	非常	发誓
		医院	宽	飞机	发行
		一定	困	肥皂	发炎
		一共	困难	肺	发扬
		一会儿	扩大	废话	发育
		一样	拉	费用	法人
		以后	垃圾桶	分	番
		以前	辣	分别	繁华
		以为	来	分布	繁忙
		已经	来不及	分配	繁体字
		椅子	来得及	分析	繁殖
		一般	蓝	分之	反驳
		一边	懒	分钟	反常
		一起	浪费	纷纷	反倒
		一直	浪漫	份	反动
		意思	老	奋斗	反感
		阴	老虎	愤怒	反抗
		因为	老师	丰富	反馈
		音乐	了	风格	反面
		银行	累	风景	反射
		应该	冷	风俗	反思
		影响	冷静	风险	反问
		用	离	疯狂	反之
		游戏	离开	讽刺	范畴
		游泳	里	否定	泛滥
		有	理发	否认	贩卖
		有名	理解	否则	方位
		又	理想	扶	方言
		右边	礼貌	幅	方针
		鱼	礼物	服从	防守
		遇到	厉害	服务员	防疫
		元	力气	服装	防御
		远	例如	符合	防止
		愿意	历史	辅导	防治
		月	俩	富	纺织
		月亮	连	附近	放大
		越	联系	付款	放射
		云	脸	妇女	放手
		运动	练习	父亲	非法
		在	凉快	复习	飞禽走兽
		再	两	复印	飞翔
		再见	亮	复杂	飞跃
		早上	辆	复制	肥沃
		怎么	聊天	负责	诽谤
		怎么样	了解	改变	匪徒
		站	邻居	改革	废除
		张	零	改进	废墟
		长	另外	改善	沸腾
		丈夫	留	改正	分辨
		着急	留学	盖	分寸
		找	流泪	概括	分红
		照顾	流利	概念	分解
		照片	流行	干杯	分裂
		照相机	六	干脆	分泌
		这 	楼	干净	分明
		着	路	干燥	分歧
		真	乱	敢	分散
		正在	旅游	感动	分手
		知道	绿	感激	吩咐
		只	律师	感觉	坟墓
		中国	妈妈	感冒	粉末
		中间	麻烦	感情	粉色
		中午	马	感受	粉碎
		终于	马虎	感想	分量
		种	马上	感谢	风暴
		重要	吗	赶紧	风度
		周末	买	赶快	风光
		主要	卖	干	风气
		住	满	干活儿	风趣
		祝	满意	刚才	风土人情
		注意	慢	刚刚	风味
		准备	忙	钢铁	封闭
		桌子	猫	高	封建
		字	毛巾	高档	封锁
		字典	帽子	高级	丰满
		自己	没	高速公路	丰盛
		自行车	没关系	高兴	丰收
		总是	每	搞	锋利
		走	美丽	告别	逢
		最	妹妹	告诉	奉献
		最近	门	胳膊	否决
		昨天	梦	哥哥	夫妇
		左边	米	鸽子	夫人
		坐	米饭	隔壁	敷衍
		做	密码	革命	幅度
		作业	免费	格外	服气
		作用	面包	个	符号
		儿	面条	个别	福利
			民族	个人	福气
			明白	个性	俘虏
			明天	个子	辐射
			名字	各	腐败
			母亲	各自	腐烂
			目的	给	腐蚀
			拿	跟	腐朽
			哪 	根	辅助
			那 	根本	抚养
			奶奶	根据	俯仰
			耐心	更	富裕
			南	更加	副
			难	公布	副作用
			难道	公共汽车	负担
			难过	公斤	覆盖
			难受	公开	附和
			男人	公里	附件
			呢	公平	附属
			内	公司	复活
			内容	公寓	复兴
			能	公元	腹泻
			能力	公园	赋予
			你	公主	改良
			年	工厂	盖章
			年级	工程师	干旱
			年龄	工具	干扰
			年轻	工人	干涉
			鸟	工业	干预
			您	工资	尴尬
			牛奶	工作	甘心
			农村	功夫	感慨
			弄	功能	感染
			努力	共同	干劲
			暖和	贡献	纲领
			女儿	沟通	港口
			女人	狗	港湾
			偶尔	够	岗位
			爬山	构成	杠杆
			排列	购物	高超
			盘子	孤单	高潮
			判断	姑姑	高峰
			旁边	姑娘	高考
			胖	估计	高明
			跑步	古代	高尚
			陪	古典	高涨
			朋友	古老	稿件
			批评	鼓励	告辞
			皮肤	鼓舞	告诫
			啤酒	鼓掌	割
			脾气	股票	搁
			篇	骨头	疙瘩
			便宜	固定	歌颂
			骗	固体	隔阂
			票	顾客	隔离
			漂亮	故事	格局
			乒乓球	故意	格式
			苹果	雇佣	个体
			平时	刮风	各抒己见
			瓶子	挂	根深蒂固
			破	挂号	根源
			葡萄	乖	跟前
			普遍	拐弯	跟随
			普通话	怪不得	跟踪
			七	官	耕地
			妻子	关	更新
			骑	关闭	更正
			其次	关怀	公安局
			其实	关键	公道
			其他	关系	公告
			其中	关心	公关
			奇怪	关于	公民
			起床	观察	公婆
			起飞	观点	公然
			起来	观念	公认
			气候	观众	公式
			千	管理	公务
			千万	管子	公正
			铅笔	冠军	公证
			签证	罐头	供不应求
			钱	光	供给
			前面	光滑	工夫
			墙	光临	工艺品
			敲	光明	宫殿
			桥	光盘	功课
			巧克力	光荣	功劳
			亲戚	广播	功效
			轻	广场	攻击
			轻松	广大	攻克
			清楚	广泛	恭敬
			晴	广告	巩固
			情况	逛	共和国
			请	规定	共计
			请假	规矩	共鸣
			请客	规律	勾结
			穷	规模	钩子
			秋	规则	构思
			区别	贵	孤独
			取	柜台	孤立
			去	滚	辜负
			去年	锅	姑且
			全部	国籍	古董
			缺点	国际	古怪
			缺少	国家	股东
			却	国庆节	股份
			确实	果然	鼓动
			群	果实	骨干
			裙子	果汁	固然
			然而	过 	固有
			然后	过 	固执
			让	过程	顾虑
			热	过分	顾问
			热闹	过敏	故乡
			热情	过期	故障
			人	过去	拐杖
			人民币	哈	关照
			任何	还	官方
			任务	还是	观光
			认识	孩子	管辖
			认为	海关	罐
			认真	海鲜	贯彻
			扔	海洋	灌溉
			仍然	害怕	惯例
			日	害羞	光彩
			日记	寒假	光辉
			容易	喊	光芒
			如果	汗	广阔
			入口	汉语	规范
			软	航班	规格
			三	行业	规划
			伞	豪华	规章
			散步	好	归根到底
			森林	好吃	归还
			沙发	好处	归纳
			商店	好像	轨道
			商量	号	跪
			伤心	号码	贵族
			上	好奇	棍棒
			上班	喝	国防
			上网	河	国务院
			上午	和	果断
			稍微	和平	过度
			少	何必	过渡
			社会	何况	过奖
			谁	合法	过滤
			深	合格	过失
			申请	合理	过问
			身体	合适	过瘾
			什么	合同	过于
			甚至	合影	嗨
			生病	合作	海拔
			生活	核心	海滨
			生命	盒子	含糊
			生气	黑	含义
			生日	黑板	寒暄
			声音	很	罕见
			省	恨	捍卫
			剩	横	航空
			失败	红	航天
			失望	猴子	航行
			师傅	厚	行列
			湿润	后果	豪迈
			狮子	后悔	毫米
			十	后来	毫无
			十分	后面	号召
			时候	忽然	耗费
			时间	忽视	好客
			实际	呼吸	呵
			实在	壶	和蔼
			食品	蝴蝶	和解
			使	胡说	和睦
			使用	胡同	和气
			是	胡须	和谐
			试	糊涂	合并
			市场	护士	合成
			适合	护照	合乎
			适应	互相	合伙
			世纪	花 	合身
			世界	花生	合算
			事情	花园	嘿
			收	滑冰	痕迹
			收入	划船	狠心
			收拾	华裔	恨不得
			手表	画	哼
			手机	话题	哄
			首都	化学	烘
			首先	怀念	轰动
			瘦	怀疑	红包
			受不了	坏	宏观
			受到	欢迎	宏伟
			售货员	还	洪水
			书	环境	喉咙
			输	缓解	吼
			舒服	换	后代
			叔叔	幻想	后顾之忧
			熟悉	慌张	后勤
			树	黄	候选
			数量	黄瓜	忽略
			数学	黄金	呼啸
			数字	皇帝	呼吁
			刷牙	皇后	胡乱
			帅	挥	湖泊
			双	灰	互联网
			水	灰尘	花瓣
			水果	灰心	华丽
			水平	恢复	华侨
			睡觉	回	画蛇添足
			顺便	回答	化肥
			顺利	回忆	化石
			顺序	会	化验
			说话	会议	化妆
			说明	汇率	划分
			硕士	婚礼	话筒
			司机	婚姻	怀孕
			死	活动	欢乐
			四	活泼	还原
			送	活跃	环节
			速度	火	缓和
			塑料袋	火柴	患者
			酸	火车站	荒凉
			算	伙伴	荒谬
			虽然	获得	荒唐
			随便	或者	慌忙
			随着	基本	黄昏
			岁	基础	恍然大悟
			孙子	机场	挥霍
			所以	机会	辉煌
			所有	机器	回报
			他	鸡蛋	回避
			她	激动	回顾
			它	激烈	回收
			台	几乎	悔恨
			抬	积极	毁灭
			太	积累	会晤
			太阳	肌肉	汇报
			态度	极	贿赂
			谈	极其	昏迷
			弹钢琴	及格	浑身
			汤	及时	混合
			糖	集合	混乱
			躺	集体	混淆
			趟	集中	混浊
			讨论	急忙	活该
			讨厌	即使	活力
			特别	几	火箭
			特点	寄	火焰
			疼	记得	火药
			踢足球	记录	货币
			题	记忆	或许
			提高	记者	基地
			提供	计划	基金
			提前	计算	基因
			提醒	季节	机动
			体育	系领带	机构
			天气	纪录	机关
			甜	纪律	机灵
			填空	纪念	机密
			条	寂寞	机械
			条件	既然	机遇
			跳舞	技术	机智
			听	继续	激发
			停止	家	激励
			挺	家具	激情
			通过	家庭	饥饿
			通知	家务	讥笑
			同情	家乡	极端
			同事	加班	极限
			同学	加油站	即便
			同意	嘉宾	即将
			头发	夹子	级别
			突然	甲	疾病
			图书馆	假	嫉妒
			推	假如	及早
			推迟	假装	急功近利
			腿	嫁	急剧
			脱	价格	急切
			袜子	价值	急于求成
			外	驾驶	急躁
			玩	煎	籍贯
			完	肩膀	集团
			完成	坚持	吉祥
			完全	坚决	给予
			碗	坚强	寄托
			晚上	艰巨	继承
			万	艰苦	继往开来
			往	尖锐	记性
			往往	捡	记载
			网球	检查	季度
			网站	简单	季军
			忘记	简历	计较
			危险	简直	忌讳
			喂	剪刀	寂静
			位	减肥	纪要
			为	减少	技能
			为了	件	技巧
			为什么	健康	迹象
			味道	健身房	家常
			温度	建立	家伙
			文化	建设	家属
			文章	建议	家喻户晓
			问	建筑	加工
			问题	见面	加剧
			我	键盘	佳肴
			我们	将来	夹杂
			握手	讲	假设
			污染	讲究	假使
			无	讲座	坚定
			无聊	奖金	坚固
			无论	降低	坚韧
			五	降落	坚实
			误会	酱油	坚硬
			西	教	监督
			西瓜	浇	监视
			西红柿	交	监狱
			希望	交换	尖端
			吸引	交际	艰难
			习惯	交流	兼职
			洗	交通	拣
			洗手间	骄傲	剪彩
			洗衣机	郊区	检讨
			洗澡	胶水	检验
			喜欢	脚	简化
			夏	角	简陋
			下	角度	简体字
			下午	狡猾	简要
			下雨	饺子	溅
			先	叫	鉴别
			先生	教材	鉴定
			咸	教练	鉴于
			现代	教室	间谍
			现在	教授	间隔
			羡慕	教训	间接
			限制	教育	见多识广
			香	接	见解
			香蕉	接触	见闻
			相反	接待	见义勇为
			相同	接近	健全
			相信	接受	践踏
			详细	接着	舰艇
			响	街道	将近
			想	阶段	将军
			向	结实	僵硬
			像	节	桨
			消息	节目	奖励
			小	节日	奖赏
			小姐	节省	降临
			小时	节约	交叉
			小说	结构	交代
			小心	结果	交涉
			笑	结合	交往
			笑话	结婚	交易
			效果	结论	焦点
			校长	结束	焦急
			些	结账	娇气
			鞋	解放	角落
			写	解决	搅拌
			谢谢	解释	缴纳
			新	解说员	教养
			新闻	姐姐	较量
			新鲜	届	皆
			辛苦	借	接连
			心情	借口	阶层
			信	介绍	揭发
			信任	戒烟	揭露
			信心	戒指	节奏
			信用卡	今天	杰出
			兴奋	金属	结晶
			星期	紧	结局
			行	紧急	结算
			行李箱	紧张	竭尽全力
			醒	尽管	截至
			姓	谨慎	解除
			性别	进	解雇
			性格	进步	解剖
			幸福	进口	解散
			兴趣	进行	解体
			熊猫	近	借鉴
			修	近代	借助
			休息	尽力	戒备
			需要	尽量	界限
			许多	禁止	津津有味
			选择	精彩	金融
			学生	精力	紧密
			学习	精神	紧迫
			学校	经常	尽快
			雪	经典	锦绣前程
			血	经过	进而
			压力	经济	进攻
			牙膏	经理	进化
			亚洲	经历	进展
			呀	经验	近来
			盐	经营	近视
			严格	京剧	浸泡
			严重	警察	晋升
			研究生	景色	劲头
			颜色	敬爱	茎
			演出	竟然	精打细算
			演员	竞争	精华
			眼镜	镜子	精简
			眼睛	究竟	精密
			阳光	九	精确
			羊肉	久	精通
			养成	酒吧	精心
			样子	旧	精益求精
			邀请	就	精致
			要求	救	经费
			要	救护车	经商
			药	舅舅	经纬
			钥匙	居然	惊动
			爷爷	桔子	惊奇
			也	举	惊讶
			也许	举办	兢兢业业
			页	举行	井
			叶子	具备	警告
			一	具体	警惕
			衣服	巨大	颈椎
			医生	聚会	敬礼
			医院	拒绝	境界
			一定	俱乐部	竞赛
			一共	距离	竞选
			一会儿	据说	镜头
			一切	句子	纠纷
			一样	捐	纠正
			以	卷	酒精
			以后	觉得	救济
			以前	决定	就近
			以为	决赛	就业
			已经	决心	就职
			椅子	绝对	鞠躬
			亿	角色	拘留
			一般	军事	拘束
			一边	均匀	居住
			一起	咖啡	局部
			一直	卡车	局面
			意见	开	局势
			意思	开发	局限
			艺术	开放	举动
			阴	开幕式	举世闻名
			因此	开始	举世瞩目
			因为	开玩笑	举足轻重
			音乐	开心	咀嚼
			银行	砍	沮丧
			饮料	看	剧本
			引起	看不起	剧烈
			印象	看法	聚精会神
			应该	看见	据悉
			赢	看来	决策
			影响	抗议	觉悟
			硬	考虑	觉醒
			勇敢	考试	绝望
			永远	烤鸭	军队
			用	棵	卡通
			优点	颗	开采
			优秀	科学	开除
			幽默	咳嗽	开阔
			由	渴	开朗
			由于	可爱	开明
			尤其	可见	开辟
			游戏	可靠	开水
			游泳	可怜	开拓
			有	可能	开展
			有名	可怕	开支
			有趣	可是	刊登
			友好	可惜	刊物
			友谊	可以	勘探
			又	课	看待
			右边	课程	看望
			鱼	克	慷慨
			愉快	克服	扛
			于是	刻	考察
			与	刻苦	考古
			语法	客观	考核
			语言	客人	考验
			羽毛球	客厅	靠拢
			遇到	肯定	磕
			预习	空间	颗粒
			元	空气	科目
			圆	空调	渴望
			原来	恐怖	可观
			原谅	恐怕	可口
			原因	空闲	可恶
			远	控制	可笑
			愿意	口	可行
			约会	口味	刻不容缓
			越	哭	课题
			月	苦	客户
			月亮	裤子	啃
			阅读	夸	恳切
			云	块	坑
			允许	快	空洞
			运动	快乐	空前绝后
			杂志	会计	空想
			在	筷子	空虚
			再	宽	孔
			再见	矿泉水	恐吓
			咱们	困	恐惧
			暂时	困难	空白
			脏	扩大	空隙
			早上	拉	口气
			责任	垃圾桶	口腔
			怎么	辣	口头
			怎么样	辣椒	口音
			增加	蜡烛	枯竭
			增长	来	枯燥
			窄	来不及	苦尽甘来
			站	来得及	挎
			张	来自	跨
			长	拦	快活
			丈夫	蓝	宽敞
			招聘	懒	款待
			着急	烂	款式
			找	狼	筐
			照顾	浪费	旷课
			照片	浪漫	框架
			照相机	劳动	况且
			这 	劳驾	亏待
			着	老	亏损
			真	老百姓	昆虫
			真正	老板	捆绑
			整理	老虎	扩充
			整齐	老师	扩散
			正常	老实	扩张
			正好	老鼠	喇叭
			正确	姥姥	啦
			正式	乐观	来历
			正在	了	来源
			证明	雷	栏目
			之	类	懒惰
			只	累	狼狈
			支持	冷	朗读
			知道	冷静	捞
			知识	梨	唠叨
			值得	离	牢固
			直接	离婚	牢骚
			植物	离开	乐趣
			职业	厘米	乐意
			指	里	雷达
			只	礼拜天	类似
			只好	礼貌	冷淡
			只要	礼物	冷酷
			质量	理发	冷却
			至少	理解	愣
			制造	理论	黎明
			中国	理想	里程碑
			中间	理由	礼节
			中文	粒	理睬
			中午	立方	理所当然
			终于	立即	理直气壮
			种	立刻	理智
			重点	厉害	立场
			重视	力量	立交桥
			重要	力气	立体
			周末	例如	立足
			周围	利润	历代
			猪	利息	历来
			逐渐	利益	利害
			主动	利用	利率
			主要	历史	力所能及
			主意	俩	力图
			住	连	力争
			祝	连忙	例外
			祝贺	连续剧	连年
			著名	联合	连锁
			注意	联系	连同
			专门	脸	联欢
			专业	恋爱	联络
			赚	练习	联盟
			撞	良好	联想
			准备	凉快	廉洁
			准确	粮食	良心
			准时	两	晾
			桌子	亮	谅解
			仔细	辆	辽阔
			字	聊天	列举
			字典	了不起	淋
			自己	了解	临床
			自然	邻居	吝啬
			自行车	临时	零星
			总结	铃	凌晨
			总是	零	灵感
			走	零件	灵魂
			租	零钱	灵敏
			组成	零食	伶俐
			组织	灵活	领会
			嘴	领导	领事馆
			最	领域	领土
			最好	另外	领悟
			最后	留	领先
			最近	留学	领袖
			尊重	流传	溜
			昨天	流泪	留恋
			左边	流利	留念
			坐	流行	留神
			做	浏览	流浪
			做生意	六	流露
			座	龙	流氓
			座位	楼	流通
			作业	漏	聋哑
			作用	路	隆重
			作者	露	垄断
			儿	陆地	笼罩
				陆续	搂
				录取	炉灶
				录音	轮船
				乱	轮廓
				轮流	轮胎
				论文	论坛
				逻辑	论证
				落后	啰唆
				旅游	螺丝钉
				绿	落成
				律师	落实
				妈妈	络绎不绝
				麻烦	屡次
				马	履行
				马虎	掠夺
				马上	略微
				骂	麻痹
				吗	麻木
				买	麻醉
				卖	码头
				麦克风	嘛
				馒头	埋伏
				满	埋没
				满意	埋葬
				满足	迈
				慢	脉搏
				忙	埋怨
				猫	慢性
				毛	漫长
				毛病	漫画
				毛巾	蔓延
				矛盾	忙碌
				冒险	茫茫
				贸易	茫然
				帽子	盲目
				没	冒充
				没关系	茂盛
				眉毛	枚
				煤炭	没辙
				每	媒介
				美丽	媒体
				美术	美观
				魅力	美满
				妹妹	美妙
				门	门诊
				梦	蒙
				迷路	萌芽
				谜语	猛烈
				米	梦想
				米饭	眯
				蜜蜂	弥补
				密码	弥漫
				密切	迷惑
				秘密	迷人
				秘书	迷失
				棉花	迷信
				免费	密度
				面包	密封
				面对	免得
				面积	免疫
				面临	勉励
				面条	勉强
				苗条	面貌
				描写	面子
				秒	描绘
				民主	渺小
				民族	蔑视
				明白	灭亡
				明确	民间
				明天	民用
				明显	敏感
				明信片	敏捷
				明星	敏锐
				名牌	明明
				名片	名次
				名胜古迹	名额
				名字	名副其实
				命令	名誉
				命运	命名
				摸	摸索
				模仿	膜
				模糊	摩擦
				摩托车	磨合
				陌生	模范
				某	模式
				母亲	模型
				目标	魔鬼
				目的	魔术
				目录	抹杀
				目前	莫名其妙
				木头	默默
				拿	墨水儿
				哪 	谋求
				哪怕	模样
				那 	母语
				奶奶	目睹
				耐心	目光
				南	沐浴
				难	拿手
				难道	纳闷儿
				难怪	耐用
				难过	难得
				难看	难堪
				难受	难免
				男人	难能可贵
				脑袋	恼火
				呢	内涵
				内	内幕
				内科	内在
				内容	能量
				嫩	嗯
				能	拟定
				能干	年度
				能力	捏
				能源	拧
				你	凝固
				年	凝聚
				年代	凝视
				年级	宁肯
				年纪	宁愿
				年龄	纽扣儿
				年轻	扭转
				念	浓厚
				鸟	农历
				您	奴隶
				宁可	挪
				牛奶	虐待
				牛仔裤	哦
				浓	殴打
				农村	欧洲
				农民	呕吐
				农业	趴
				弄	排斥
				努力	排除
				暖和	排放
				女儿	徘徊
				女人	派别
				女士	派遣
				偶尔	攀登
				偶然	盘旋
				爬山	畔
				拍	判决
				排队	庞大
				排列	抛弃
				排球	泡沫
				派	培训
				盘子	培育
				判断	配备
				盼望	配偶
				旁边	配套
				胖	盆地
				跑步	烹饪
				陪	捧
				赔偿	劈
				培养	批发
				佩服	批判
				配合	疲惫
				盆	疲倦
				朋友	皮革
				碰见	屁股
				披	譬如
				批	偏差
				批评	偏见
				批准	偏僻
				皮肤	偏偏
				皮鞋	片断
				啤酒	片刻
				疲劳	飘扬
				脾气	漂浮
				匹	拼搏
				篇	拼命
				便宜	频繁
				骗	频率
				片	贫乏
				片面	贫困
				飘	品尝
				票	品德
				漂亮	品行
				频道	品质
				品种	平凡
				乒乓球	平面
				凭	平坦
				平	平行
				平常	平原
				平等	评估
				平方	评论
				平衡	屏障
				平静	坡
				平均	泼
				平时	颇
				苹果	破例
				评价	迫不及待
				瓶子	迫害
				破	魄力
				破产	扑
				破坏	铺
				迫切	普及
				葡萄	朴实
				普遍	瀑布
				普通话	期望
				朴素	期限
				七	欺负
				期待	欺骗
				期间	凄凉
				妻子	奇妙
				骑	旗袍
				其次	旗帜
				其实	齐全
				其他	齐心协力
				其余	歧视
				其中	起草
				奇怪	起初
				奇迹	起伏
				起床	起哄
				起飞	起码
				起来	起义
				启发	起源
				企图	启程
				企业	启示
				气氛	启事
				气候	乞丐
				汽油	岂有此理
				牵	器材
				千	器官
				千万	气概
				铅笔	气功
				谦虚	气魄
				签证	气色
				签字	气势
				钱	气味
				前面	气象
				前途	气压
				浅	迄今为止
				欠	掐
				枪	恰当
				墙	恰到好处
				强调	恰巧
				强烈	洽谈
				抢	牵扯
				敲	牵制
				悄悄	千方百计
				桥	签订
				瞧	签署
				巧克力	迁就
				巧妙	迁徙
				切	谦逊
				亲爱	前景
				亲戚	前提
				亲切	潜力
				亲自	潜水
				侵略	潜移默化
				勤奋	谴责
				勤劳	强制
				青	抢劫
				青春	抢救
				青少年	强迫
				轻	桥梁
				轻视	翘
				轻松	锲而不舍
				清楚	切实
				清淡	亲热
				晴	亲身
				情景	侵犯
				情况	钦佩
				情绪	勤俭
				请	勤恳
				请假	氢
				请客	轻而易举
				请求	清澈
				庆祝	清晨
				穷	清除
				秋	清洁
				球迷	清理
				区别	清晰
				趋势	清醒
				娶	清真
				取	倾听
				取消	倾向
				去	倾斜
				去年	晴朗
				去世	情报
				圈	情节
				全部	情理
				全面	情形
				权力	请柬
				权利	请教
				劝	请示
				缺点	请帖
				缺乏	丘陵
				缺少	区分
				却	区域
				确定	屈服
				确认	曲折
				确实	驱逐
				群	渠道
				裙子	取缔
				然而	曲子
				然后	趣味
				燃烧	圈套
				嚷	全局
				让	全力以赴
				绕	权衡
				热	权威
				热爱	权益
				热烈	拳头
				热闹	犬
				热情	缺口
				热心	缺席
				人	缺陷
				人才	瘸
				人口	确保
				人类	确立
				人民币	确切
				人生	确信
				人事	群众
				人物	染
				人员	让步
				忍不住	饶恕
				任何	扰乱
				任务	惹祸
				认识	热泪盈眶
				认为	热门
				认真	人道
				扔	人格
				仍然	人工
				日	人家
				日常	人间
				日程	人士
				日记	人为
				日历	人性
				日期	人质
				日用品	仁慈
				融化	忍耐
				荣幸	忍受
				荣誉	认定
				容易	认可
				如果	任命
				如何	任性
				如今	任意
				入口	任重道远
				软	仍旧
				软件	日新月异
				弱	日益
				洒	融洽
				三	溶解
				伞	容貌
				散步	容纳
				嗓子	容器
				森林	容忍
				杀	揉
				沙发	柔和
				沙漠	弱点
				沙滩	若干
				傻	撒谎
				晒	腮
				删除	三角
				闪电	散文
				善良	散布
				善于	散发
				扇子	丧失
				商店	嫂子
				商量	色彩
				商品	刹车
				商业	啥
				伤心	筛选
				上	山脉
				上班	闪烁
				上当	擅长
				上网	擅自
				上午	商标
				稍微	伤脑筋
				勺子	上级
				少	上进心
				蛇	上任
				舌头	上瘾
				舍不得	上游
				设备	捎
				设计	梢
				设施	哨
				社会	奢侈
				射击	设立
				摄影	设想
				谁	设置
				伸	社区
				深	涉及
				深刻	摄取
				身材	摄氏度
				身份	深奥
				身体	深沉
				申请	深情厚谊
				神话	申报
				神经	绅士
				神秘	呻吟
				什么	神奇
				甚至	神气
				升	神情
				生病	神色
				生产	神圣
				生动	神态
				生活	神仙
				生命	审查
				生气	审理
				生日	审美
				声调	审判
				声音	渗透
				绳子	慎重
				省	生存
				省略	生机
				剩	生理
				胜利	生疏
				诗	生态
				失败	生物
				失眠	生效
				失去	生锈
				失望	生育
				失业	牲畜
				师傅	声明
				湿润	声势
				狮子	声誉
				十	省会
				十分	盛产
				时代	盛开
				时候	盛情
				时间	盛行
				时刻	胜负
				时髦	失误
				时期	失踪
				时尚	师范
				实话	施加
				实际	施展
				实践	尸体
				实习	拾
				实现	十足
				实行	识别
				实验	时差
				实用	时常
				实在	时而
				食品	时光
				食物	时机
				石头	时事
				使	时装
				使劲儿	实惠
				使用	实力
				始终	实施
				是	实事求是
				是否	实质
				试	石油
				试卷	使命
				士兵	是非
				市场	试图
				似的	试验
				适合	势必
				适应	势力
				世纪	世代
				世界	世界观
				事情	示范
				事实	示威
				事物	示意
				事先	释放
				收	事故
				收获	事迹
				收据	事件
				收入	事态
				收拾	事务
				手表	事项
				手工	事业
				手机	适宜
				手术	视力
				手套	视线
				手续	视野
				手指	逝世
				首都	收藏
				首先	收缩
				瘦	收益
				受不了	收音机
				受到	手法
				受伤	手势
				售货员	手艺
				寿命	首要
				书	守护
				书架	受罪
				输	授予
				输入	书法
				蔬菜	书籍
				舒服	书记
				舒适	书面
				叔叔	舒畅
				梳子	疏忽
				熟练	数
				熟悉	竖
				鼠标	束
				属于	束缚
				树	树立
				数据	数额
				数量	数目
				数码	耍
				数学	衰老
				数字	衰退
				刷牙	率领
				摔	涮火锅
				甩	双胞胎
				帅	爽快
				双	水利
				双方	水龙头
				水	水泥
				水果	司法
				水平	司令
				税	思念
				睡觉	思索
				顺便	思维
				顺利	思绪
				顺序	私自
				说不定	斯文
				说服	死亡
				说话	四肢
				说明	肆无忌惮
				硕士	饲养
				撕	耸
				丝绸	艘
				丝毫	搜索
				司机	苏醒
				思考	俗话
				思想	塑造
				私人	素食主义
				死	素质
				四	诉讼
				似乎	算了
				寺庙	算数
				送	随即
				速度	随身
				塑料袋	随手
				宿舍	随意
				酸	岁月
				算	隧道
				虽然	损坏
				随便	索赔
				随时	索性
				随着	塌
				岁	踏实
				碎	台风
				孙子	太空
				损失	泰斗
				缩短	瘫痪
				缩小	贪婪
				锁	贪污
				所	摊儿
				所谓	弹性
				所以	坦白
				所有	探测
				他	探索
				她	探讨
				它	探望
				塔	叹气
				抬	糖葫芦
				台	倘若
				台阶	掏
				太	滔滔不绝
				太极拳	陶瓷
				太太	淘气
				太阳	淘汰
				态度	讨价还价
				谈	特长
				谈判	特定
				弹钢琴	特色
				坦率	提拔
				汤	提炼
				糖	提示
				躺	提议
				烫	题材
				趟	体谅
				桃	体面
				逃	体系
				逃避	天才
				讨论	天伦之乐
				讨厌	天然气
				套	天生
				特别	天堂
				特点	天文
				特殊	田径
				特意	舔
				特征	挑剔
				疼	条款
				疼爱	条理
				踢足球	条约
				提	调和
				提倡	调剂
				提纲	调节
				提高	调解
				提供	调料
				提前	挑拨
				提问	挑衅
				提醒	跳跃
				题	停泊
				题目	停顿
				体会	停滞
				体积	亭子
				体贴	挺拔
				体现	通货膨胀
				体验	通俗
				体育	通用
				天空	铜矿
				天气	同胞
				天真	同志
				甜	童话
				填空	统筹兼顾
				田野	统计
				条	统统
				条件	投机
				调皮	投票
				调整	投降
				挑战	投掷
				跳舞	秃
				听	突破
				停止	图案
				挺	徒弟
				通常	途径
				通过	涂抹
				通讯	土壤
				通知	团结
				铜	团体
				同情	团圆
				同时	推测
				同事	推翻
				同学	推理
				同意	推论
				统一	推销
				统治	吞咽
				痛苦	脱离
				痛快	拖延
				头发	托运
				投资	妥当
				透明	妥善
				突出	妥协
				突然	椭圆
				图书馆	唾沫
				土地	挖掘
				土豆	娃娃
				吐	瓦解
				兔子	哇
				团	歪曲
				推	外表
				推迟	外行
				推辞	外界
				推广	外向
				推荐	丸
				腿	完备
				退	完毕
				退步	玩弄
				退休	玩意儿
				脱	顽固
				袜子	顽强
				歪	挽回
				外	挽救
				外交	惋惜
				弯	万分
				完	往常
				完成	往事
				完美	网络
				完全	妄想
				完善	微不足道
				完整	微观
				玩	威风
				玩具	威力
				碗	威望
				晚上	威信
				万	危机
				万一	违背
				王子	维持
				往	维生素
				往返	维修
				往往	唯独
				网球	为难
				网站	为期
				忘记	为首
				危害	委员
				危险	伪造
				微笑	胃口
				威胁	位于
				违反	未免
				维护	畏惧
				围巾	卫星
				围绕	慰问
				唯一	温带
				尾巴	温和
				伟大	文凭
				委屈	文物
				委托	文献
				喂	文雅
				胃	文艺
				为	问世
				为了	窝
				为什么	乌黑
				位	污蔑
				位置	诬陷
				未必	无比
				未来	无偿
				味道	无耻
				卫生间	无从
				温度	无动于衷
				温暖	无非
				温柔	无精打采
				闻	无可奉告
				文化	无可奈何
				文件	无赖
				文具	无理取闹
				文明	无能为力
				文学	无穷无尽
				文章	无微不至
				吻	无忧无虑
				稳定	无知
				问	舞蹈
				问候	武侠
				问题	武装
				我	侮辱
				我们	勿
				卧室	务必
				握手	务实
				污染	误差
				屋子	误解
				无	物美价廉
				无聊	物资
				无论	溪
				无奈	膝盖
				无数	熄灭
				五	吸取
				武器	昔日
				武术	牺牲
				雾	夕阳
				误会	媳妇
				物理	习俗
				物质	袭击
				西	喜闻乐见
				西瓜	喜悦
				西红柿	系列
				吸收	细胞
				吸引	细菌
				希望	细致
				习惯	霞
				洗	狭隘
				洗手间	狭窄
				洗衣机	峡谷
				洗澡	夏令营
				喜欢	下属
				系	先进
				系统	先前
				细节	鲜明
				戏剧	掀起
				瞎	纤维
				吓	弦
				夏	嫌
				下	嫌疑
				下午	闲话
				下雨	贤惠
				下载	衔接
				先	显著
				先生	现场
				鲜艳	现成
				咸	现状
				显得	宪法
				显然	陷害
				显示	陷入
				县	馅儿
				现代	线索
				现金	相差
				现实	相等
				现象	相辅相成
				现在	相应
				羡慕	镶嵌
				限制	乡镇
				香	想方设法
				香蕉	响亮
				相处	响应
				相当	巷
				相对	向导
				相反	向来
				相关	向往
				相似	消除
				相同	消毒
				相信	消防
				详细	消耗
				响	消极
				想	销毁
				想念	小心翼翼
				想象	效益
				享受	肖像
				向	携带
				像	协会
				项	协商
				项链	协议
				项目	协助
				橡皮	写作
				象棋	屑
				象征	谢绝
				消费	泄露
				消化	泄气
				消灭	新陈代谢
				消失	新郎
				销售	新娘
				消息	新颖
				小	心得
				小吃	心灵
				小伙子	心态
				小姐	心疼
				小麦	心血
				小气	心眼儿
				小时	辛勤
				小说	欣慰
				小偷	欣欣向荣
				小心	薪水
				笑	信赖
				笑话	信念
				效果	信仰
				效率	信誉
				孝顺	腥
				校长	兴隆
				些	兴旺
				歇	行政
				斜	形态
				鞋	刑事
				协调	性感
				写	性命
				谢谢	性能
				新	性情
				新闻	幸好
				新鲜	兴高采烈
				辛苦	兴致勃勃
				心理	胸怀
				心情	胸膛
				心脏	凶恶
				欣赏	凶手
				信	雄厚
				信封	修复
				信号	修建
				信任	修理
				信息	羞耻
				信心	休养
				信用卡	绣
				兴奋	嗅觉
				星期	虚假
				行	虚荣
				行动	虚伪
				行李箱	需求
				行人	须知
				行为	许可
				形成	酗酒
				形容	畜牧
				形式	序言
				形势	宣誓
				形象	宣扬
				形状	悬挂
				醒	悬念
				姓	悬崖峭壁
				性别	旋律
				性格	旋转
				性质	选拔
				幸福	选手
				幸亏	削弱
				幸运	学历
				兴趣	学说
				胸	学位
				兄弟	雪上加霜
				熊猫	血压
				雄伟	熏陶
				修	循环
				修改	循序渐进
				休息	巡逻
				休闲	寻觅
				虚心	押金
				需要	压迫
				许多	压岁钱
				叙述	压缩
				宣布	压抑
				宣传	压榨
				选举	压制
				选择	亚军
				学期	烟花爆竹
				学生	淹没
				学术	延期
				学问	延伸
				学习	延续
				学校	严寒
				雪	严禁
				血	严峻
				询问	严厉
				寻找	严密
				训练	沿海
				迅速	言论
				压力	炎热
				牙膏	岩石
				亚洲	演变
				呀	演讲
				盐	演习
				延长	演绎
				严格	演奏
				严肃	掩盖
				严重	掩护
				研究生	掩饰
				颜色	眼光
				演出	眼色
				演员	眼神
				眼镜	眼下
				眼睛	验收
				宴会	验证
				阳光	厌恶
				羊肉	氧气
				阳台	样品
				痒	摇摆
				养成	摇滚
				样式	摇晃
				样子	遥控
				腰	遥远
				邀请	谣言
				要求	咬牙切齿
				摇	要不然
				咬	要点
				药	要命
				要	要素
				要不	耀眼
				要是	野蛮
				钥匙	野心
				爷爷	一流
				也	依次
				也许	依旧
				页	依据
				夜	依靠
				液体	依赖
				业务	依托
				业余	衣裳
				叶子	一度
				一	一贯
				衣服	一律
				依然	一目了然
				医生	一向
				医院	一再
				一辈子	遗产
				一旦	遗传
				一定	遗留
				一共	遗失
				一会儿	疑惑
				一路平安	仪器
				一切	仪式
				一样	以便
				一致	以免
				移动	以往
				移民	以至
				遗憾	以致
				疑问	亦
				乙	翼
				以	一帆风顺
				以后	一举两得
				以及	一如既往
				以来	一丝不苟
				以前	异常
				以为	意料
				已经	意识
				椅子	意图
				亿	意味着
				一般	意向
				一边	意志
				一起	毅力
				一直	毅然
				意见	抑制
				意思	阴谋
				意外	音响
				意义	隐蔽
				议论	隐患
				艺术	隐瞒
				义务	隐私
				阴	隐约
				因此	引导
				因而	引擎
				因素	引用
				因为	饮食
				音乐	印刷
				银	婴儿
				银行	英明
				饮料	英勇
				引起	迎面
				印象	盈利
				应该	荧屏
				英俊	应酬
				英雄	应邀
				赢	拥护
				迎接	拥有
				营养	庸俗
				营业	勇于
				影响	永恒
				影子	涌现
				硬	踊跃
				硬币	用功
				硬件	用户
				应付	优胜劣汰
				应聘	优先
				应用	优异
				拥抱	优越
				拥挤	忧郁
				勇敢	油腻
				勇气	油漆
				永远	犹如
				用	有条不紊
				用途	幼稚
				优点	诱惑
				优惠	愚蠢
				优美	愚昧
				优势	舆论
				优秀	渔民
				悠久	与日俱增
				幽默	羽绒服
				由	予以
				由于	愈
				邮局	预料
				游览	预期
				游戏	预赛
				游泳	预算
				尤其	预先
				犹豫	预言
				油炸	预兆
				有	欲望
				有利	寓言
				有名	冤枉
				有趣	元首
				友好	元素
				友谊	元宵节
				又	圆满
				右边	原告
				幼儿园	原理
				鱼	原始
				愉快	原先
				娱乐	园林
				于是	源泉
				与	约束
				与其	岳父
				语法	乐谱
				语气	熨
				语言	蕴藏
				羽毛球	运算
				宇宙	运行
				预报	酝酿
				预订	孕育
				预防	砸
				预习	杂技
				遇到	杂交
				玉米	咋
				圆	灾难
				元	栽培
				元旦	宰
				缘故	在乎
				原来	在意
				原谅	再接再厉
				原料	攒
				原因	赞叹
				原则	赞同
				远	赞扬
				愿望	赞助
				愿意	暂且
				约会	糟蹋
				越	遭受
				月	遭殃
				月亮	遭遇
				阅读	造反
				晕	造型
				云	噪音
				允许	责怪
				运动	贼
				运气	增添
				运输	赠送
				运用	渣
				杂志	扎
				灾害	扎实
				在	眨
				再	诈骗
				再见	摘要
				再三	债券
				咱们	沾光
				赞成	瞻仰
				赞美	斩钉截铁
				暂时	展示
				脏	展望
				糟糕	展现
				早上	崭新
				造成	战斗
				则	战略
				责备	战术
				责任	战役
				怎么	占据
				怎么样	占领
				增加	占有
				增长	章程
				摘	长辈
				窄	障碍
				粘贴	帐篷
				展开	招收
				展览	招投标
				站	朝气蓬勃
				占线	着迷
				战争	沼泽
				张	照料
				长	照样
				涨	照耀
				掌握	照应
				丈夫	遮挡
				账户	折腾
				招待	折
				招聘	折磨
				着急	真相
				着凉	真挚
				找	珍贵
				召开	珍稀
				照常	珍珠
				照顾	侦探
				照片	斟酌
				照相机	阵地
				哲学	阵容
				这 	镇定
				着	镇静
				真	镇压
				真理	振奋
				真实	振兴
				真正	震惊
				针对	争端
				珍惜	争夺
				诊断	争气
				枕头	争先恐后
				阵	争议
				振动	蒸发
				睁	征服
				争论	征收
				争取	正月
				征求	挣扎
				整个	整顿
				整理	正当
				整齐	正负
				整体	正规
				正	正经
				正常	正气
				正好	正义
				正确	政权
				正式	证实
				正在	证书
				政策	郑重
				政府	症状
				政治	枝
				证件	支撑
				证据	支出
				证明	支流
				挣钱	支配
				只	支援
				之	支柱
				支	知觉
				支持	知足常乐
				支票	脂肪
				知道	直播
				知识	值班
				直	殖民地
				直接	职能
				值得	职位
				植物	职务
				执行	指标
				执照	指定
				职业	指甲
				指	指令
				指导	指南针
				指挥	指示
				只	指望
				只好	指责
				只要	治安
				制定	治理
				制度	制裁
				制造	制订
				制作	制服
				智慧	制约
				至今	制止
				至少	致辞
				至于	致力于
				质量	致使
				治疗	智力
				秩序	智能
				志愿者	智商
				钟	滞留
				中国	志气
				中间	忠诚
				中介	忠实
				中文	终点
				中午	终究
				中心	终年
				中旬	终身
				终于	终止
				种	中断
				重	中立
				重点	中央
				重量	衷心
				重视	种子
				重要	种族
				周到	肿瘤
				周末	重心
				周围	众所周知
				猪	州
				逐步	舟
				逐渐	粥
				竹子	周边
				煮	周密
				主持	周年
				主动	周期
				主观	周折
				主人	周转
				主席	皱纹
				主要	昼夜
				主意	株
				主张	诸位
				嘱咐	逐年
				住	拄
				祝	主办
				祝福	主导
				祝贺	主管
				注册	主流
				注意	主权
				著名	主题
				抓紧	住宅
				专家	注射
				专门	注视
				专心	注释
				专业	注重
				转变	助理
				转告	助手
				赚	著作
				装	驻扎
				装饰	铸造
				撞	拽
				状况	专长
				状态	专程
				追求	专科
				准备	专利
				准确	专题
				准时	砖瓦
				桌子	转达
				资格	转让
				资金	转移
				资料	转折
				资源	传记
				姿势	装备
				咨询	装卸
				紫	庄严
				仔细	庄重
				字	幢
				字典	壮观
				字幕	壮丽
				自从	壮烈
				自动	追悼
				自豪	追究
				自己	准则
				自觉	琢磨
				自然	着手
				自私	着想
				自信	着重
				自行车	卓越
				自由	资本
				自愿	资产
				综合	资深
				宗教	资助
				总裁	姿态
				总共	滋味
				总结	滋长
				总理	子弹
				总是	字母
				总算	自卑
				总统	自发
				总之	自力更生
				走	自满
				租	自主
				组成	踪迹
				组合	宗旨
				组织	棕色
				祖国	总而言之
				祖先	总和
				阻止	纵横
				嘴	走廊
				醉	走漏
				最	走私
				最初	揍
				最好	租赁
				最后	足以
				最近	组
				罪犯	阻碍
				尊敬	阻拦
				尊重	阻挠
				遵守	祖父
				昨天	钻研
				左边	钻石
				坐	嘴唇
				做	尊严
				做生意	遵循
				座	左右
				座位	做东
				作品	做主
				作为	座右铭
				作文	作弊
				作业	作废
				作用	作风
				作者	作息
				儿	阿姨
					啊
					唉
					矮
					爱
					爱好
					爱护
					爱情
					爱惜
					爱心
					安静
					安排
					安全
					安慰
					安装
					岸
					暗
					按时
					按照
					八
					把
					把握
					爸爸
					吧
					白
					百
					摆
					搬
					班
					班主任
					半
					办法
					办公室
					办理
					帮忙
					帮助
					棒
					傍晚
					包
					包裹
					包含
					包括
					包子
					薄
					饱
					宝贝
					宝贵
					保持
					保存
					保护
					保留
					保险
					保证
					抱
					抱歉
					报道
					报告
					报名
					报纸
					悲观
					杯子
					北方
					北京
					倍
					背
					背景
					被
					被子
					本
					本科
					本来
					本领
					本质
					笨
					鼻子
					比
					比较
					比例
					比如
					比赛
					彼此
					笔记本
					毕竟
					毕业
					避免
					必然
					必须
					必需
					必要
					编辑
					鞭炮
					便
					遍
					变化
					辩论
					标点
					标志
					标准
					表达
					表格
					表面
					表明
					表情
					表示
					表现
					表演
					表扬
					别
					别人
					宾馆
					冰箱
					丙
					饼干
					病毒
					并且
					玻璃
					博士
					博物馆
					脖子
					不必
					不但
					不断
					不过
					不见得
					不客气
					不耐烦
					不要紧
					补充
					布
					不
					不安
					不得不
					不得了
					不管
					不好意思
					不仅
					不免
					不然
					不如
					不足
					部分
					部门
					步骤
					擦
					猜
					才
					财产
					材料
					踩
					采访
					采取
					彩虹
					菜
					菜单
					参观
					参加
					参考
					参与
					餐厅
					残疾
					惭愧
					操场
					操心
					草
					册
					厕所
					测验
					层
					曾经
					插
					差别
					叉子
					茶
					差
					差不多
					拆
					产品
					产生
					尝
					长
					长城
					长江
					长途
					常识
					场
					唱歌
					抄
					超过
					超市
					朝
					朝代
					炒
					吵
					吵架
					车库
					车厢
					彻底
					沉默
					趁
					衬衫
					称
					称呼
					称赞
					乘
					乘坐
					承担
					承认
					承受
					程度
					程序
					成分
					成功
					成果
					成绩
					成就
					成立
					成熟
					成为
					成语
					成长
					诚恳
					诚实
					城市
					吃
					吃惊
					吃亏
					迟到
					持续
					池子
					尺子
					翅膀
					冲
					充电器
					充分
					充满
					重复
					重新
					宠物
					抽屉
					抽象
					抽烟
					丑
					臭
					出
					出版
					出差
					出发
					出口
					出色
					出生
					出席
					出现
					出租车
					初级
					除
					除非
					除了
					除夕
					厨房
					处理
					穿
					船
					传播
					传递
					传染
					传说
					传统
					传真
					窗户
					窗帘
					闯
					创造
					吹
					春
					磁带
					词典
					词语
					辞职
					此外
					次
					次要
					刺激
					匆忙
					聪明
					从
					从此
					从而
					从来
					从前
					从事
					粗心
					醋
					促进
					促使
					催
					存
					存在
					错
					错误
					措施
					答应
					答案
					达到
					打扮
					打电话
					打工
					打交道
					打篮球
					打喷嚏
					打扰
					打扫
					打算
					打听
					打印
					打招呼
					打折
					打针
					大
					大方
					大概
					大家
					大使馆
					大象
					大型
					大约
					呆
					带
					戴
					代表
					代替
					大夫
					贷款
					待遇
					单纯
					单调
					单独
					单位
					单元
					担任
					担心
					耽误
					胆小鬼
					淡
					蛋糕
					但是
					当
					当代
					当地
					当然
					当时
					挡
					刀
					岛
					倒霉
					导演
					导游
					导致
					倒
					到
					到处
					到达
					到底
					道德
					道理
					道歉
					地
					的
					得
					得意
					得
					灯
					登机牌
					登记
					等 
					等
					等待
					等候
					等于
					低
					滴
					的确
					敌人
					底
					递
					地道
					地方
					地理
					地球
					地区
					地毯
					地铁
					地图
					地位
					地震
					地址
					弟弟
					第一
					点
					点头
					点心
					电池
					电脑
					电视
					电台
					电梯
					电影
					电子邮件
					钓
					掉
					调查
					丁
					顶
					丢
					冬
					东
					东西
					懂
					冻
					洞
					动画片
					动物
					动作
					都
					逗
					豆腐
					读
					独立
					独特
					堵车
					度过
					肚子
					短
					短信
					段
					断
					锻炼
					堆
					对
					对
					对比
					对不起
					对待
					对方
					对话
					对面
					对手
					对象
					对于
					吨
					蹲
					顿
					多
					多亏
					多么
					多少
					多余
					朵
					躲藏
					饿
					恶劣
					而
					而且
					儿童
					儿子
					耳朵
					二
					发
					发表
					发愁
					发达
					发抖
					发挥
					发明
					发票
					发烧
					发生
					发现
					发言
					发展
					罚款
					法律
					法院
					翻
					翻译
					烦恼
					繁荣
					凡是
					反对
					反而
					反复
					反应
					反映
					反正
					饭馆
					范围
					方
					方案
					方便
					方法
					方面
					方式
					方向
					妨碍
					房东
					房间
					仿佛
					访问
					放
					放弃
					放暑假
					放松
					放心
					非
					非常
					飞机
					肥皂
					肺
					废话
					费用
					分
					分别
					分布
					分配
					分析
					分之
					分钟
					纷纷
					份
					奋斗
					愤怒
					丰富
					风格
					风景
					风俗
					风险
					疯狂
					讽刺
					否定
					否认
					否则
					扶
					幅
					服从
					服务员
					服装
					符合
					辅导
					富
					附近
					付款
					妇女
					父亲
					复习
					复印
					复杂
					复制
					负责
					改变
					改革
					改进
					改善
					改正
					盖
					概括
					概念
					干杯
					干脆
					干净
					干燥
					敢
					感动
					感激
					感觉
					感冒
					感情
					感受
					感想
					感谢
					赶紧
					赶快
					干
					干活儿
					刚才
					刚刚
					钢铁
					高
					高档
					高级
					高速公路
					高兴
					搞
					告别
					告诉
					胳膊
					哥哥
					鸽子
					隔壁
					革命
					格外
					个
					个别
					个人
					个性
					个子
					各
					各自
					给
					跟
					根
					根本
					根据
					更
					更加
					公布
					公共汽车
					公斤
					公开
					公里
					公平
					公司
					公寓
					公元
					公园
					公主
					工厂
					工程师
					工具
					工人
					工业
					工资
					工作
					功夫
					功能
					共同
					贡献
					沟通
					狗
					够
					构成
					购物
					孤单
					姑姑
					姑娘
					估计
					古代
					古典
					古老
					鼓励
					鼓舞
					鼓掌
					股票
					骨头
					固定
					固体
					顾客
					故事
					故意
					雇佣
					刮风
					挂
					挂号
					乖
					拐弯
					怪不得
					官
					关
					关闭
					关怀
					关键
					关系
					关心
					关于
					观察
					观点
					观念
					观众
					管理
					管子
					冠军
					罐头
					光
					光滑
					光临
					光明
					光盘
					光荣
					广播
					广场
					广大
					广泛
					广告
					逛
					规定
					规矩
					规律
					规模
					规则
					贵
					柜台
					滚
					锅
					国籍
					国际
					国家
					国庆节
					果然
					果实
					果汁
					过 
					过程
					过分
					过敏
					过期
					过去
					哈
					还
					还是
					孩子
					海关
					海鲜
					海洋
					害怕
					害羞
					寒假
					喊
					汗
					汉语
					航班
					行业
					豪华
					好
					好吃
					好处
					好像
					号
					号码
					好奇
					喝
					河
					和
					和平
					何必
					何况
					合法
					合格
					合理
					合适
					合同
					合影
					合作
					核心
					盒子
					黑
					黑板
					很
					恨
					横
					红
					猴子
					厚
					后果
					后悔
					后来
					后面
					忽然
					忽视
					呼吸
					壶
					蝴蝶
					胡说
					胡同
					胡须
					糊涂
					护士
					护照
					互相
					花 
					花生
					花园
					滑冰
					划船
					华裔
					画
					话题
					化学
					怀念
					怀疑
					坏
					欢迎
					还
					环境
					缓解
					换
					幻想
					慌张
					黄
					黄瓜
					黄金
					皇帝
					皇后
					挥
					灰
					灰尘
					灰心
					恢复
					回
					回答
					回忆
					会
					会议
					汇率
					婚礼
					婚姻
					活动
					活泼
					活跃
					火
					火柴
					火车站
					伙伴
					获得
					或者
					基本
					基础
					机场
					机会
					机器
					鸡蛋
					激动
					激烈
					几乎
					积极
					积累
					肌肉
					极
					极其
					及格
					及时
					集合
					集体
					集中
					急忙
					即使
					几
					寄
					记得
					记录
					记忆
					记者
					计划
					计算
					季节
					系领带
					纪录
					纪律
					纪念
					寂寞
					既然
					技术
					继续
					家
					家具
					家庭
					家务
					家乡
					加班
					加油站
					嘉宾
					夹子
					甲
					假
					假如
					假装
					嫁
					价格
					价值
					驾驶
					煎
					肩膀
					坚持
					坚决
					坚强
					艰巨
					艰苦
					尖锐
					捡
					检查
					简单
					简历
					简直
					剪刀
					减肥
					减少
					件
					健康
					健身房
					建立
					建设
					建议
					建筑
					见面
					键盘
					将来
					讲
					讲究
					讲座
					奖金
					降低
					降落
					酱油
					教
					浇
					交
					交换
					交际
					交流
					交通
					骄傲
					郊区
					胶水
					脚
					角
					角度
					狡猾
					饺子
					叫
					教材
					教练
					教室
					教授
					教训
					教育
					接
					接触
					接待
					接近
					接受
					接着
					街道
					阶段
					结实
					节
					节目
					节日
					节省
					节约
					结构
					结果
					结合
					结婚
					结论
					结束
					结账
					解放
					解决
					解释
					解说员
					姐姐
					届
					借
					借口
					介绍
					戒烟
					戒指
					今天
					金属
					紧
					紧急
					紧张
					尽管
					谨慎
					进
					进步
					进口
					进行
					近
					近代
					尽力
					尽量
					禁止
					精彩
					精力
					精神
					经常
					经典
					经过
					经济
					经理
					经历
					经验
					经营
					京剧
					警察
					景色
					敬爱
					竟然
					竞争
					镜子
					究竟
					九
					久
					酒吧
					旧
					就
					救
					救护车
					舅舅
					居然
					桔子
					举
					举办
					举行
					具备
					具体
					巨大
					聚会
					拒绝
					俱乐部
					距离
					据说
					句子
					捐
					卷
					觉得
					决定
					决赛
					决心
					绝对
					角色
					军事
					均匀
					咖啡
					卡车
					开
					开发
					开放
					开幕式
					开始
					开玩笑
					开心
					砍
					看
					看不起
					看法
					看见
					看来
					抗议
					考虑
					考试
					烤鸭
					棵
					颗
					科学
					咳嗽
					渴
					可爱
					可见
					可靠
					可怜
					可能
					可怕
					可是
					可惜
					可以
					课
					课程
					克
					克服
					刻
					刻苦
					客观
					客人
					客厅
					肯定
					空间
					空气
					空调
					恐怖
					恐怕
					空闲
					控制
					口
					口味
					哭
					苦
					裤子
					夸
					块
					快
					快乐
					会计
					筷子
					宽
					矿泉水
					困
					困难
					扩大
					拉
					垃圾桶
					辣
					辣椒
					蜡烛
					来
					来不及
					来得及
					来自
					拦
					蓝
					懒
					烂
					狼
					浪费
					浪漫
					劳动
					劳驾
					老
					老百姓
					老板
					老虎
					老师
					老实
					老鼠
					姥姥
					乐观
					了
					雷
					类
					累
					冷
					冷静
					梨
					离
					离婚
					离开
					厘米
					里
					礼拜天
					礼貌
					礼物
					理发
					理解
					理论
					理想
					理由
					粒
					立方
					立即
					立刻
					厉害
					力量
					力气
					例如
					利润
					利息
					利益
					利用
					历史
					俩
					连
					连忙
					连续剧
					联合
					联系
					脸
					恋爱
					练习
					良好
					凉快
					粮食
					两
					亮
					辆
					聊天
					了不起
					了解
					邻居
					临时
					铃
					零
					零件
					零钱
					零食
					灵活
					领导
					领域
					另外
					留
					留学
					流传
					流泪
					流利
					流行
					浏览
					六
					龙
					楼
					漏
					路
					露
					陆地
					陆续
					录取
					录音
					乱
					轮流
					论文
					逻辑
					落后
					旅游
					绿
					律师
					妈妈
					麻烦
					马
					马虎
					马上
					骂
					吗
					买
					卖
					麦克风
					馒头
					满
					满意
					满足
					慢
					忙
					猫
					毛
					毛病
					毛巾
					矛盾
					冒险
					贸易
					帽子
					没
					没关系
					眉毛
					煤炭
					每
					美丽
					美术
					魅力
					妹妹
					门
					梦
					迷路
					谜语
					米
					米饭
					蜜蜂
					密码
					密切
					秘密
					秘书
					棉花
					免费
					面包
					面对
					面积
					面临
					面条
					苗条
					描写
					秒
					民主
					民族
					明白
					明确
					明天
					明显
					明信片
					明星
					名牌
					名片
					名胜古迹
					名字
					命令
					命运
					摸
					模仿
					模糊
					摩托车
					陌生
					某
					母亲
					目标
					目的
					目录
					目前
					木头
					拿
					哪
					哪怕
					那 
					奶奶
					耐心
					南
					难
					难道
					难怪
					难过
					难看
					难受
					男人
					脑袋
					呢
					内
					内科
					内容
					嫩
					能
					能干
					能力
					能源
					你
					年
					年代
					年级
					年纪
					年龄
					年轻
					念
					鸟
					您
					宁可
					牛奶
					牛仔裤
					浓
					农村
					农民
					农业
					弄
					努力
					暖和
					女儿
					女人
					女士
					偶尔
					偶然
					爬山
					拍
					排队
					排列
					排球
					派
					盘子
					判断
					盼望
					旁边
					胖
					跑步
					陪
					赔偿
					培养
					佩服
					配合
					盆
					朋友
					碰见
					披
					批
					批评
					批准
					皮肤
					皮鞋
					啤酒
					疲劳
					脾气
					匹
					篇
					便宜
					骗
					片
					片面
					飘
					票
					漂亮
					频道
					品种
					乒乓球
					凭
					平
					平常
					平等
					平方
					平衡
					平静
					平均
					平时
					苹果
					评价
					瓶子
					破
					破产
					破坏
					迫切
					葡萄
					普遍
					普通话
					朴素
					七
					期待
					期间
					妻子
					骑
					其次
					其实
					其他
					其余
					其中
					奇怪
					奇迹
					起床
					起飞
					起来
					启发
					企图
					企业
					气氛
					气候
					汽油
					牵
					千
					千万
					铅笔
					谦虚
					签证
					签字
					钱
					前面
					前途
					浅
					欠
					枪
					墙
					强调
					强烈
					抢
					敲
					悄悄
					桥
					瞧
					巧克力
					巧妙
					切
					亲爱
					亲戚
					亲切
					亲自
					侵略
					勤奋
					勤劳
					青
					青春
					青少年
					轻
					轻视
					轻松
					清楚
					清淡
					晴
					情景
					情况
					情绪
					请
					请假
					请客
					请求
					庆祝
					穷
					秋
					球迷
					区别
					趋势
					娶
					取
					取消
					去
					去年
					去世
					圈
					全部
					全面
					权力
					权利
					劝
					缺点
					缺乏
					缺少
					却
					确定
					确认
					确实
					群
					裙子
					然而
					然后
					燃烧
					嚷
					让
					绕
					热
					热爱
					热烈
					热闹
					热情
					热心
					人
					人才
					人口
					人类
					人民币
					人生
					人事
					人物
					人员
					忍不住
					任何
					任务
					认识
					认为
					认真
					扔
					仍然
					日
					日常
					日程
					日记
					日历
					日期
					日用品
					融化
					荣幸
					荣誉
					容易
					如果
					如何
					如今
					入口
					软
					软件
					弱
					洒
					三
					伞
					散步
					嗓子
					森林
					杀
					沙发
					沙漠
					沙滩
					傻
					晒
					删除
					闪电
					善良
					善于
					扇子
					商店
					商量
					商品
					商业
					伤心
					上
					上班
					上当
					上网
					上午
					稍微
					勺子
					少
					蛇
					舌头
					舍不得
					设备
					设计
					设施
					社会
					射击
					摄影
					谁
					伸
					深
					深刻
					身材
					身份
					身体
					申请
					神话
					神经
					神秘
					什么
					甚至
					升
					生病
					生产
					生动
					生活
					生命
					生气
					生日
					声调
					声音
					绳子
					省
					省略
					剩
					胜利
					诗
					失败
					失眠
					失去
					失望
					失业
					师傅
					湿润
					狮子
					十
					十分
					时代
					时候
					时间
					时刻
					时髦
					时期
					时尚
					实话
					实际
					实践
					实习
					实现
					实行
					实验
					实用
					实在
					食品
					食物
					石头
					使
					使劲儿
					使用
					始终
					是
					是否
					试
					试卷
					士兵
					市场
					似的
					适合
					适应
					世纪
					世界
					事情
					事实
					事物
					事先
					收
					收获
					收据
					收入
					收拾
					手表
					手工
					手机
					手术
					手套
					手续
					手指
					首都
					首先
					瘦
					受不了
					受到
					受伤
					售货员
					寿命
					书
					书架
					输
					输入
					蔬菜
					舒服
					舒适
					叔叔
					梳子
					熟练
					熟悉
					鼠标
					属于
					树
					数据
					数量
					数码
					数学
					数字
					刷牙
					摔
					甩
					帅
					双
					双方
					水
					水果
					水平
					税
					睡觉
					顺便
					顺利
					顺序
					说不定
					说服
					说话
					说明
					硕士
					撕
					丝绸
					丝毫
					司机
					思考
					思想
					私人
					死
					四
					似乎
					寺庙
					送
					速度
					塑料袋
					宿舍
					酸
					算
					虽然
					随便
					随时
					随着
					岁
					碎
					孙子
					损失
					缩短
					缩小
					锁
					所
					所谓
					所以
					所有
					他
					她
					它
					塔
					抬
					台
					台阶
					太
					太极拳
					太太
					太阳
					态度
					谈
					谈判
					弹钢琴
					坦率
					汤
					糖
					躺
					烫
					趟
					桃
					逃
					逃避
					讨论
					讨厌
					套
					特别
					特点
					特殊
					特意
					特征
					疼
					疼爱
					踢足球
					提
					提倡
					提纲
					提高
					提供
					提前
					提问
					提醒
					题
					题目
					体会
					体积
					体贴
					体现
					体验
					体育
					天空
					天气
					天真
					甜
					填空
					田野
					条
					条件
					调皮
					调整
					挑战
					跳舞
					听
					停止
					挺
					通常
					通过
					通讯
					通知
					铜
					同情
					同时
					同事
					同学
					同意
					统一
					统治
					痛苦
					痛快
					头发
					投资
					透明
					突出
					突然
					图书馆
					土地
					土豆
					吐
					兔子
					团
					推
					推迟
					推辞
					推广
					推荐
					腿
					退
					退步
					退休
					脱
					袜子
					歪
					外
					外交
					弯
					完
					完成
					完美
					完全
					完善
					完整
					玩
					玩具
					碗
					晚上
					万
					万一
					王子
					往
					往返
					往往
					网球
					网站
					忘记
					危害
					危险
					微笑
					威胁
					违反
					维护
					围巾
					围绕
					唯一
					尾巴
					伟大
					委屈
					委托
					喂
					胃
					为
					为了
					为什么
					位
					位置
					未必
					未来
					味道
					卫生间
					温度
					温暖
					温柔
					闻
					文化
					文件
					文具
					文明
					文学
					文章
					吻
					稳定
					问
					问候
					问题
					我
					我们
					卧室
					握手
					污染
					屋子
					无
					无聊
					无论
					无奈
					无数
					五
					武器
					武术
					雾
					误会
					物理
					物质
					西
					西瓜
					西红柿
					吸收
					吸引
					希望
					习惯
					洗
					洗手间
					洗衣机
					洗澡
					喜欢
					系
					系统
					细节
					戏剧
					瞎
					吓
					夏
					下
					下午
					下雨
					下载
					先
					先生
					鲜艳
					咸
					显得
					显然
					显示
					县
					现代
					现金
					现实
					现象
					现在
					羡慕
					限制
					香
					香蕉
					相处
					相当
					相对
					相反
					相关
					相似
					相同
					相信
					详细
					响
					想
					想念
					想象
					享受
					向
					像
					项
					项链
					项目
					橡皮
					象棋
					象征
					消费
					消化
					消灭
					消失
					销售
					消息
					小
					小吃
					小伙子
					小姐
					小麦
					小气
					小时
					小说
					小偷
					小心
					笑
					笑话
					效果
					效率
					孝顺
					校长
					些
					歇
					斜
					鞋
					协调
					写
					谢谢
					新
					新闻
					新鲜
					辛苦
					心理
					心情
					心脏
					欣赏
					信
					信封
					信号
					信任
					信息
					信心
					信用卡
					兴奋
					星期
					行
					行动
					行李箱
					行人
					行为
					形成
					形容
					形式
					形势
					形象
					形状
					醒
					姓
					性别
					性格
					性质
					幸福
					幸亏
					幸运
					兴趣
					胸
					兄弟
					熊猫
					雄伟
					修
					修改
					休息
					休闲
					虚心
					需要
					许多
					叙述
					宣布
					宣传
					选举
					选择
					学期
					学生
					学术
					学问
					学习
					学校
					雪
					血
					询问
					寻找
					训练
					迅速
					压力
					牙膏
					亚洲
					呀
					盐
					延长
					严格
					严肃
					严重
					研究生
					颜色
					演出
					演员
					眼镜
					眼睛
					宴会
					阳光
					羊肉
					阳台
					痒
					养成
					样式
					样子
					腰
					邀请
					要求
					摇
					咬
					药
					要
					要不
					要是
					钥匙
					爷爷
					也
					也许
					页
					夜
					液体
					业务
					业余
					叶子
					一
					衣服
					依然
					医生
					医院
					一辈子
					一旦
					一定
					一共
					一会儿
					一路平安
					一切
					一样
					一致
					移动
					移民
					遗憾
					疑问
					乙
					以
					以后
					以及
					以来
					以前
					以为
					已经
					椅子
					亿
					一般
					一边
					一起
					一直
					意见
					意思
					意外
					意义
					议论
					艺术
					义务
					阴
					因此
					因而
					因素
					因为
					音乐
					银
					银行
					饮料
					引起
					印象
					应该
					英俊
					英雄
					赢
					迎接
					营养
					营业
					影响
					影子
					硬
					硬币
					硬件
					应付
					应聘
					应用
					拥抱
					拥挤
					勇敢
					勇气
					永远
					用
					用途
					优点
					优惠
					优美
					优势
					优秀
					悠久
					幽默
					由
					由于
					邮局
					游览
					游戏
					游泳
					尤其
					犹豫
					油炸
					有
					有利
					有名
					有趣
					友好
					友谊
					又
					右边
					幼儿园
					鱼
					愉快
					娱乐
					于是
					与
					与其
					语法
					语气
					语言
					羽毛球
					宇宙
					预报
					预订
					预防
					预习
					遇到
					玉米
					圆
					元
					元旦
					缘故
					原来
					原谅
					原料
					原因
					原则
					远
					愿望
					愿意
					约会
					越
					月
					月亮
					阅读
					晕
					云
					允许
					运动
					运气
					运输
					运用
					杂志
					灾害
					在
					再
					再见
					再三
					咱们
					赞成
					赞美
					暂时
					脏
					糟糕
					早上
					造成
					则
					责备
					责任
					怎么
					怎么样
					增加
					增长
					摘
					窄
					粘贴
					展开
					展览
					站
					占线
					战争
					张
					长
					涨
					掌握
					丈夫
					账户
					招待
					招聘
					着急
					着凉
					找
					召开
					照常
					照顾
					照片
					照相机
					哲学
					这
					着
					真
					真理
					真实
					真正
					针对
					珍惜
					诊断
					枕头
					阵
					振动
					睁
					争论
					争取
					征求
					整个
					整理
					整齐
					整体
					正
					正常
					正好
					正确
					正式
					正在
					政策
					政府
					政治
					证件
					证据
					证明
					挣钱
					只
					之
					支
					支持
					支票
					知道
					知识
					直
					直接
					值得
					植物
					执行
					执照
					职业
					指
					指导
					指挥
					只
					只好
					只要
					制定
					制度
					制造
					制作
					智慧
					至今
					至少
					至于
					质量
					治疗
					秩序
					志愿者
					钟
					中国
					中间
					中介
					中文
					中午
					中心
					中旬
					终于
					种
					重
					重点
					重量
					重视
					重要
					周到
					周末
					周围
					猪
					逐步
					逐渐
					竹子
					煮
					主持
					主动
					主观
					主人
					主席
					主要
					主意
					主张
					嘱咐
					住
					祝
					祝福
					祝贺
					注册
					注意
					著名
					抓紧
					专家
					专门
					专心
					专业
					转变
					转告
					赚
					装
					装饰
					撞
					状况
					状态
					追求
					准备
					准确
					准时
					桌子
					资格
					资金
					资料
					资源
					姿势
					咨询
					紫
					仔细
					字
					字典
					字幕
					自从
					自动
					自豪
					自己
					自觉
					自然
					自私
					自信
					自行车
					自由
					自愿
					综合
					宗教
					总裁
					总共
					总结
					总理
					总是
					总算
					总统
					总之
					走
					租
					组成
					组合
					组织
					祖国
					祖先
					阻止
					嘴
					醉
					最
					最初
					最好
					最后
					最近
					罪犯
					尊敬
					尊重
					遵守
					昨天
					左边
					坐
					做
					做生意
					座
					座位
					作品
					作为
					作文
					作业
					作用
					作者
					儿